<?xml version="1.0" encoding="utf-8"?>
<extension version="3.0" type="template" method="upgrade">
	<name>Wishee</name>
	<creationDate>2016-09-01</creationDate>
	<author>BuizKits</author>
	<authorEmail>jcj1404@gmail.com</authorEmail>
	<authorUrl>http://ct6008-buizkits.studentsites.glos.ac.uk</authorUrl>
	<copyright>BuizKits 2016</copyright>
	<license>GNU/GPL</license>
	<version>1.3.1</version>
	<description>Template for the Wishee website</description>
	<files>
		<folder>css</folder>
        <folder>fonts</folder>
        <folder>html</folder>
		<folder>img</folder>
        <folder>js</folder>
        <filename>favicon.ico</filename>
        <filename>index.php</filename>
		<filename>templateDetails.xml</filename>
	</files>
	<positions>
		<position>breadcrumb</position>
        <position>top-bar</position>
        <position>main-menu</position>
        <position>footer-menu</position>
		<position>footer-info</position>
	</positions>
    <updateservers>
       <server type="extension" name="Wishee Template Updates" priority="1"><![CDATA[https://raw.githubusercontent.com/JCJDesigns/WisheeTemplate/master/wisheeupdate.xml]]></server>
    </updateservers>
</extension>
